date,side,order_type,label,price,shares,realized_profit,avg_cost_after,cash_after,unit_amount_after
2021-05-11,BUY,LOC,avg_loc_buy,437.1,571,0.0,437.1,9750378.46,500000.0
2021-05-11,BUY,LOC,star_loc_buy,437.1,571,0.0,437.1,9500756.92,500000.0
2021-05-12,BUY,LOC,avg_loc_buy,380.7,656,0.0,416.5225,9250980.26,500000.0
2021-05-12,BUY,LOC,star_loc_buy,380.7,656,0.0,406.9465,9001203.6,500000.0
2021-05-13,BUY,LOC,avg_loc_buy,393.1,635,0.0,404.1001,8751547.66,500000.0
2021-05-13,BUY,LOC,star_loc_buy,393.1,635,0.0,402.2244,8501891.72,500000.0
2021-05-14,BUY,LOC,star_loc_buy,410.8,608,0.0,403.428,8252087.85,500000.0
2021-05-17,BUY,LOC,avg_loc_buy,388.2,643,0.0,401.4598,8002437.81,500000.0
2021-05-17,BUY,LOC,star_loc_buy,388.2,643,0.0,399.9422,7752787.77,500000.0
2021-05-18,BUY,LOC,star_loc_buy,407.2,613,0.0,400.6562,7503136.73,500000.0
2021-05-19,BUY,LOC,star_loc_buy,403.4,619,0.0,400.9041,7253394.67,500000.0
2021-05-20,BUY,LOC,star_loc_buy,411.0,608,0.0,401.7272,7003469.19,500000.0
2021-05-21,BUY,LOC,avg_loc_buy,396.3,630,0.0,401.3045,6753762.74,500000.0
2021-05-21,BUY,LOC,star_loc_buy,396.3,630,0.0,400.9428,6504056.29,500000.0
2021-05-24,BUY,LOC,star_loc_buy,408.0,612,0.0,401.4057,6254322.83,500000.0
2021-05-25,SELL,LOC,quarter_loc_sell,418.1,2332,37029.78,401.4057,7227430.76,500925.74
2021-05-26,BUY,LOC,star_loc_buy,421.6,593,0.0,402.9833,6977384.46,500925.74
2021-05-27,BUY,LOC,star_loc_buy,413.4,605,0.0,403.7522,6727239.95,500925.74
2021-05-28,SELL,LOC,quarter_loc_sell,428.5,2049,48996.14,403.7522,7603524.35,502150.65
2021-06-01,SELL,LOC,quarter_loc_sell,449.5,1536,68922.27,403.7522,8292610.01,503873.71
2021-06-02,BUY,LOC,star_loc_buy,441.8,570,0.0,407.9381,8040746.24,503873.71
2021-06-03,BUY,LOC,star_loc_buy,438.4,574,0.0,410.9764,7789066.89,503873.71
2021-06-04,SELL,LOC,quarter_loc_sell,453.0,1438,59159.72,410.9764,8439210.63,505352.7
2021-06-07,BUY,LOC,star_loc_buy,445.7,566,0.0,415.0013,8186906.59,505352.7
2021-06-08,BUY,LOC,star_loc_buy,436.3,579,0.0,417.259,7934251.0,505352.7
2021-06-09,BUY,LOC,star_loc_buy,421.2,599,0.0,417.6485,7681914.36,505352.7
2021-06-10,BUY,LOC,star_loc_buy,436.6,578,0.0,419.2985,7429521.7,505352.7
2021-06-11,BUY,LOC,star_loc_buy,435.6,579,0.0,420.6061,7177271.47,505352.7
2021-06-14,BUY,LOC,star_loc_buy,440.3,573,0.0,422.0545,6924941.73,505352.7
2021-06-15,BUY,LOC,star_loc_buy,438.4,576,0.0,423.1798,6672385.45,505352.7
2021-06-16,BUY,LOC,star_loc_buy,425.5,593,0.0,423.3333,6420026.1,505352.7
2021-06-17,BUY,LOC,avg_loc_buy,422.9,597,0.0,423.3063,6167516.93,505352.7
2021-06-17,BUY,LOC,star_loc_buy,422.9,597,0.0,423.2824,5915007.76,505352.7
2021-06-18,BUY,LOC,avg_loc_buy,413.1,611,0.0,422.7044,5662565.8,505352.7
2021-06-18,BUY,LOC,star_loc_buy,413.1,611,0.0,422.1886,5410123.84,505352.7
2021-06-21,SELL,LOC,quarter_loc_sell,427.9,2844,13870.18,422.1886,6624698.39,505699.45
2021-06-22,BUY,LOC,star_loc_buy,427.3,591,0.0,422.5197,6372126.21,505699.45
2021-06-23,BUY,LOC,star_loc_buy,429.6,588,0.0,422.9484,6119483.52,505699.45
2021-06-24,SELL,LOC,quarter_loc_sell,446.0,2427,53835.4,422.9484,7199814.76,507045.34
2021-06-25,SELL,LOC,quarter_loc_sell,452.4,1821,52024.86,422.9484,8022028.71,508345.96
2021-06-28,BUY,LOC,star_loc_buy,446.5,569,0.0,425.1701,7767932.1,508345.96
2021-06-29,BUY,LOC,star_loc_buy,441.2,576,0.0,426.5673,7513762.78,508345.96
2021-06-30,BUY,LOC,star_loc_buy,442.7,574,0.0,427.8567,7259614.86,508345.96
2021-07-01,BUY,LOC,star_loc_buy,433.8,585,0.0,428.3043,7005803.8,508345.96
2021-07-02,BUY,LOC,star_loc_buy,439.7,577,0.0,429.0924,6752058.84,508345.96
2021-07-06,BUY,LOC,star_loc_buy,429.9,591,0.0,429.1458,6497949.83,508345.96
2021-07-07,BUY,LOC,avg_loc_buy,420.7,604,0.0,428.611,6243808.92,508345.96
2021-07-07,BUY,LOC,star_loc_buy,420.7,604,0.0,428.1399,5989668.0,508345.96
2021-07-08,BUY,LOC,avg_loc_buy,392.7,647,0.0,426.0148,5735552.99,508345.96
2021-07-08,BUY,LOC,star_loc_buy,392.7,647,0.0,424.1302,5481437.98,508345.96
2021-07-09,BUY,LOC,avg_loc_buy,400.6,634,0.0,422.8943,5227419.48,508345.96
2021-07-09,BUY,LOC,star_loc_buy,400.6,634,0.0,421.7818,4973400.98,508345.96
2021-07-12,BUY,LOC,star_loc_buy,409.6,1240,0.0,420.6986,4465420.8,508345.96
2021-07-13,BUY,LOC,star_loc_buy,406.4,1250,0.0,419.5223,3957344.6,508345.96
2021-07-14,SELL,LOC,quarter_loc_sell,414.5,3798,-22144.63,419.5223,5528545.77,508345.96
2021-07-15,BUY,LOC,avg_loc_buy,419.3,606,0.0,419.5111,5274411.86,508345.96
2021-07-15,BUY,LOC,star_loc_buy,419.3,606,0.0,419.501,5020277.94,508345.96
2021-07-16,BUY,LOC,star_loc_buy,407.9,1246,0.0,418.4577,4511958.3,508345.96
2021-07-19,BUY,LOC,star_loc_buy,379.7,1338,0.0,415.0444,4003843.5,508345.96
2021-07-20,BUY,LOC,star_loc_buy,395.0,1286,0.0,413.4802,3495797.3,508345.96
2021-07-21,BUY,LOC,star_loc_buy,389.9,1303,0.0,411.7523,2987681.4,508345.96
2021-07-22,SELL,LOC,quarter_loc_sell,399.1,4445,-59698.74,411.7523,4758221.6,508345.96
2021-07-23,BUY,LOC,star_loc_buy,398.5,1275,0.0,410.5959,4250057.88,508345.96
2021-07-26,BUY,LOC,star_loc_buy,395.4,1285,0.0,409.3676,3741892.67,508345.96
2021-07-27,BUY,LOC,star_loc_buy,385.5,1318,0.0,407.5403,3233727.46,508345.96
2021-07-28,SELL,LOC,quarter_loc_sell,395.2,4303,-56416.27,407.5403,4930956.99,508345.96
2021-07-29,BUY,LOC,star_loc_buy,403.3,1260,0.0,407.1633,4422722.77,508345.96
2021-07-30,BUY,LOC,star_loc_buy,379.2,1340,0.0,404.7477,3914518.55,508345.96
2021-08-02,BUY,LOC,star_loc_buy,379.2,1340,0.0,402.7162,3406314.33,508345.96
2021-08-03,SELL,LOC,quarter_loc_sell,395.8,4213,-32389.74,402.7162,5070568.1,508345.96
2021-08-04,SELL,LOC,quarter_loc_sell,410.9,3159,23321.34,402.7162,6366070.03,508928.99
2021-08-05,BUY,LOC,star_loc_buy,414.7,613,0.0,403.4441,6111820.8,508928.99
2021-08-06,BUY,LOC,avg_loc_buy,399.5,636,0.0,403.2103,5857700.69,508928.99
2021-08-06,BUY,LOC,star_loc_buy,399.5,636,0.0,403.0026,5603580.58,508928.99
2021-08-09,BUY,LOC,avg_loc_buy,397.8,639,0.0,402.7257,5349348.25,508928.99
2021-08-09,BUY,LOC,star_loc_buy,397.8,639,0.0,402.4767,5095115.92,508928.99
2021-08-10,BUY,LOC,star_loc_buy,381.2,1334,0.0,400.446,4586518.84,508928.99
2021-08-11,BUY,LOC,star_loc_buy,373.7,1361,0.0,398.0728,4077836.85,508928.99
2021-08-12,BUY,LOC,star_loc_buy,360.1,1413,0.0,394.8696,3568939.23,508928.99
2021-08-13,BUY,LOC,star_loc_buy,347.7,1463,0.0,391.0808,3060177.82,508928.99
2021-08-16,BUY,LOC,star_loc_buy,343.0,1483,0.0,387.4608,2551432.52,508928.99
2021-08-17,BUY,LOC,star_loc_buy,319.4,1593,0.0,382.3682,2042552.0,508928.99
2021-08-18,BUY,LOC,star_loc_buy,323.4,1573,0.0,378.3111,1533767.5,508928.99
2021-08-19,BUY,LOC,star_loc_buy,307.7,1653,0.0,373.5502,1025063.1,508928.99
2021-08-20,BUY,LOC,star_loc_buy,304.0,1673,0.0,369.1072,516394.81,508928.99
2021-08-23,BUY,LOC,star_loc_buy,317.9,1600,0.0,366.1588,7678.52,508928.99
2021-08-24,SELL,MOC,quarter_moc_sell,335.0,6947,-220998.55,366.1588,2330385.39,508928.99
2021-08-25,SELL,LOC,quarter_loc_sell,335.8,5210,-161581.08,366.1588,4076491.83,508928.99
2021-08-26,SELL,LOC,quarter_loc_sell,323.1,3908,-170736.14,366.1588,5336704.41,508928.99
2021-08-27,SELL,LOC,quarter_loc_sell,337.3,2931,-86513.06,366.1588,6323402.89,508928.99
2021-08-27,BUY,LOC,avg_loc_buy,337.3,754,0.0,363.8796,6069040.54,508928.99
2021-08-30,SELL,LOC,quarter_loc_sell,328.8,2386,-85229.8,363.8796,6852027.53,508928.99
2021-08-30,BUY,LOC,avg_loc_buy,328.8,773,0.0,360.4619,6597827.01,508928.99
2021-08-31,BUY,LOC,avg_loc_buy,348.6,729,0.0,359.4637,6343659.49,508928.99
2021-08-31,BUY,LOC,star_loc_buy,348.6,729,0.0,358.6204,6089491.97,508928.99
2021-09-01,BUY,LOC,star_loc_buy,359.8,707,0.0,358.703,5835075.22,508928.99
2021-09-02,BUY,LOC,avg_loc_buy,347.3,732,0.0,357.9324,5580813.48,508928.99
2021-09-02,BUY,LOC,star_loc_buy,347.3,732,0.0,357.2593,5326551.75,508928.99
2021-09-03,BUY,LOC,star_loc_buy,360.4,705,0.0,357.4398,5072431.64,508928.99
2021-09-07,BUY,LOC,avg_loc_buy,344.9,737,0.0,356.7291,4818202.21,508928.99
2021-09-07,BUY,LOC,star_loc_buy,344.9,737,0.0,356.0947,4563972.78,508928.99
2021-09-08,BUY,LOC,avg_loc_buy,327.3,777,0.0,354.5537,4309622.53,508928.99
2021-09-08,BUY,LOC,star_loc_buy,327.3,777,0.0,353.1693,4055272.28,508928.99
2021-09-09,BUY,LOC,star_loc_buy,312.8,1626,0.0,349.2903,3546583.19,508928.99
2021-09-10,BUY,LOC,star_loc_buy,311.7,1632,0.0,345.9839,3037812.49,508928.99
2021-09-13,BUY,LOC,star_loc_buy,318.6,1597,0.0,343.8137,2528931.97,508928.99
2021-09-14,BUY,LOC,star_loc_buy,320.2,1589,0.0,342.0877,2020057.85,508928.99
2021-09-15,SELL,LOC,quarter_loc_sell,328.8,5435,-75703.46,342.0877,3803601.14,508928.99
2021-09-16,BUY,LOC,star_loc_buy,311.6,1633,0.0,339.3122,3294682.02,508928.99
2021-09-17,BUY,LOC,star_loc_buy,305.2,1667,0.0,336.4117,2785837.3,508928.99
2021-09-20,BUY,LOC,star_loc_buy,282.9,1798,0.0,331.9164,2277106.8,508928.99
2021-09-21,BUY,LOC,star_loc_buy,284.0,1791,0.0,328.2163,1768386.51,508928.99
2021-09-22,BUY,LOC,star_loc_buy,292.7,1738,0.0,325.7405,1259597.6,508928.99
2021-09-23,SELL,LOC,quarter_loc_sell,313.8,6233,-78239.2,325.7405,3211698.97,508928.99
2021-09-24,BUY,LOC,star_loc_buy,297.5,1710,0.0,323.3743,2702897.66,508928.99
2021-09-27,BUY,LOC,star_loc_buy,302.5,1682,0.0,321.785,2194016.34,508928.99
2021-09-28,BUY,LOC,star_loc_buy,280.9,1811,0.0,318.6872,1685230.13,508928.99
2021-09-29,BUY,LOC,star_loc_buy,270.6,1880,0.0,315.1807,1176425.82,508928.99
2021-09-30,BUY,LOC,star_loc_buy,276.5,1840,0.0,312.6041,667589.51,508928.99
2021-10-01,BUY,LOC,star_loc_buy,275.1,1849,0.0,310.2511,158853.31,508928.99
2021-10-04,BUY,LOC,star_loc_buy,263.5,602,0.0,309.3152,202.51,508928.99
2021-10-15,SELL,LOC,quarter_loc_sell,271.6,7518,-287524.68,309.3152,2038109.63,508928.99
2021-10-18,BUY,LOC,star_loc_buy,264.4,1924,0.0,305.785,1529327.72,508928.99
2021-10-19,BUY,LOC,star_loc_buy,278.2,1829,0.0,303.8672,1020423.6,508928.99
2021-10-20,BUY,LOC,star_loc_buy,273.6,1859,0.0,301.8696,511724.91,508928.99
2021-10-21,BUY,LOC,star_loc_buy,270.1,1883,0.0,299.8788,3050.32,508928.99
2021-10-22,SELL,LOC,quarter_loc_sell,270.4,7512,-225405.89,299.8788,2030334.19,508928.99
2021-10-25,BUY,LOC,star_loc_buy,282.1,1803,0.0,298.5619,1521631.6,508928.99
2021-10-26,SELL,LOC,quarter_loc_sell,287.6,6085,-70115.79,298.5619,3268265.01,508928.99
2021-10-27,BUY,LOC,star_loc_buy,277.2,1835,0.0,296.6108,2759526.71,508928.99
2021-10-28,BUY,LOC,star_loc_buy,277.4,1834,0.0,295.0039,2250698.79,508928.99
2021-10-29,BUY,LOC,star_loc_buy,262.3,1939,0.0,292.3466,1742022.8,508928.99
2021-11-01,BUY,LOC,star_loc_buy,264.4,1924,0.0,290.2616,1233240.9,508928.99
2021-11-02,SELL,LOC,quarter_loc_sell,270.9,6447,-128229.62,290.2616,2976327.54,508928.99
2021-11-03,BUY,LOC,star_loc_buy,261.6,1945,0.0,287.6426,2467439.22,508928.99
2021-11-04,BUY,LOC,star_loc_buy,262.0,1942,0.0,285.4987,1958558.9,508928.99
2021-11-05,BUY,LOC,star_loc_buy,261.1,1948,0.0,283.6109,1449859.8,508928.99
2021-11-08,BUY,LOC,star_loc_buy,262.5,1938,0.0,282.102,941058.49,508928.99
2021-11-09,BUY,LOC,star_loc_buy,257.9,1973,0.0,280.4603,432145.47,508928.99
2021-11-10,BUY,LOC,star_loc_buy,244.1,1770,0.0,278.3746,23.66,508928.99
2021-11-11,SELL,LOC,quarter_loc_sell,252.1,7714,-206474.74,278.3746,1940930.9,508928.99
2021-11-12,BUY,LOC,star_loc_buy,263.0,1934,0.0,277.1889,1432212.6,508928.99
2021-11-15,SELL,LOC,quarter_loc_sell,263.6,6269,-88411.27,277.1889,3081498.61,508928.99
2021-11-16,BUY,LOC,star_loc_buy,262.6,1937,0.0,275.8267,2572766.11,508928.99
2021-11-17,BUY,LOC,star_loc_buy,252.4,2016,0.0,273.7518,2063851.38,508928.99
2021-11-18,BUY,LOC,star_loc_buy,248.3,2049,0.0,271.6498,1555008.37,508928.99
2021-11-19,BUY,LOC,star_loc_buy,250.0,2035,0.0,270.0086,1046182.06,508928.99
2021-11-22,SELL,LOC,quarter_loc_sell,264.9,6711,-37750.28,270.0086,2820459.36,508928.99
2021-11-23,BUY,LOC,star_loc_buy,259.1,1963,0.0,269.0395,2311769.76,508928.99
2021-11-24,BUY,LOC,star_loc_buy,256.9,1980,0.0,268.0412,1803031.46,508928.99
2021-11-26,BUY,LOC,star_loc_buy,224.8,2263,0.0,264.3261,1294232.76,508928.99
2021-11-29,BUY,LOC,star_loc_buy,229.8,2214,0.0,261.6491,785379.24,508928.99
2021-11-30,BUY,LOC,star_loc_buy,223.8,2273,0.0,258.8583,276605.53,508928.99
2021-12-01,SELL,LOC,quarter_loc_sell,237.4,7706,-168925.06,258.8583,2102442.6,508928.99
2021-12-02,SELL,LOC,quarter_loc_sell,252.4,5780,-40173.82,258.8583,3558469.8,508928.99
2021-12-03,BUY,LOC,avg_loc_buy,249.7,1018,0.0,258.3505,3304237.07,508928.99
2021-12-03,BUY,LOC,star_loc_buy,249.7,1018,0.0,257.896,3050004.34,508928.99
2021-12-06,SELL,LOC,quarter_loc_sell,259.1,4844,3384.69,257.896,4302637.33,509013.61
2021-12-07,SELL,LOC,quarter_loc_sell,271.4,3633,47137.28,257.896,5286710.84,510192.04
2021-12-08,BUY,LOC,star_loc_buy,274.1,930,0.0,259.1699,5031759.6,510192.04
2021-12-09,BUY,LOC,star_loc_buy,268.8,948,0.0,259.8843,4776898.98,510192.04
2021-12-10,BUY,LOC,star_loc_buy,269.0,948,0.0,260.5139,4521848.73,510192.04
2021-12-13,BUY,LOC,avg_loc_buy,258.7,985,0.0,260.3925,4266991.0,510192.04
2021-12-13,BUY,LOC,star_loc_buy,258.7,985,0.0,260.2863,4012133.28,510192.04
2021-12-14,BUY,LOC,avg_loc_buy,255.0,1000,0.0,259.9696,3757095.03,510192.04
2021-12-14,BUY,LOC,star_loc_buy,255.0,1000,0.0,259.6888,3502056.78,510192.04
2021-12-15,SELL,LOC,quarter_loc_sell,264.2,4424,17678.35,259.6888,4668598.38,510634.0
2021-12-16,BUY,LOC,star_loc_buy,260.1,981,0.0,259.7171,4413402.01,510634.0
2021-12-17,BUY,LOC,star_loc_buy,262.6,972,0.0,259.9012,4158116.52,510634.0
2021-12-20,BUY,LOC,avg_loc_buy,248.6,1026,0.0,259.1877,3903014.66,510634.0
2021-12-20,BUY,LOC,star_loc_buy,248.6,1026,0.0,258.5589,3647912.8,510634.0
2021-12-21,BUY,LOC,avg_loc_buy,253.6,1006,0.0,258.286,3392752.93,510634.0
2021-12-21,BUY,LOC,star_loc_buy,253.6,1006,0.0,258.0417,3137593.06,510634.0
2021-12-22,SELL,LOC,quarter_loc_sell,259.7,4822,5554.62,258.0417,4387424.53,510772.87
2021-12-23,BUY,LOC,star_loc_buy,262.4,973,0.0,258.3163,4132071.03,510772.87
2021-12-27,BUY,LOC,star_loc_buy,266.1,959,0.0,258.7715,3876842.85,510772.87
2021-12-28,BUY,LOC,star_loc_buy,263.7,968,0.0,259.0462,3621542.96,510772.87
2021-12-29,SELL,LOC,quarter_loc_sell,264.5,4341,21435.98,259.0462,4767498.49,511308.77
2021-12-30,BUY,LOC,avg_loc_buy,257.0,994,0.0,258.9011,4512002.17,511308.77
2021-12-30,BUY,LOC,star_loc_buy,257.0,994,0.0,258.7753,4256505.85,511308.77
2021-12-31,BUY,LOC,avg_loc_buy,252.5,1012,0.0,258.379,4000937.52,511308.77
2021-12-31,BUY,LOC,star_loc_buy,252.5,1012,0.0,258.0298,3745369.19,511308.77
2022-01-03,BUY,LOC,avg_loc_buy,253.5,1008,0.0,257.7768,3489802.86,511308.77
2022-01-03,BUY,LOC,star_loc_buy,253.5,1008,0.0,257.5505,3234236.53,511308.77
2022-01-04,BUY,LOC,avg_loc_buy,252.3,1013,0.0,257.2855,2978618.29,511308.77
2022-01-04,BUY,LOC,star_loc_buy,252.3,1013,0.0,257.0459,2723000.06,511308.77
2022-01-05,BUY,LOC,star_loc_buy,237.3,2154,0.0,255.2153,2211779.19,511308.77
2022-01-06,BUY,LOC,star_loc_buy,232.1,2202,0.0,253.2142,1700618.32,511308.77
2022-01-07,SELL,LOC,quarter_loc_sell,249.2,6359,-28616.28,253.2142,3282191.03,511308.77
2022-01-10,BUY,LOC,avg_loc_buy,237.9,1074,0.0,252.398,3026648.1,511308.77
2022-01-10,BUY,LOC,star_loc_buy,237.9,1074,0.0,251.6644,2771105.18,511308.77
2022-01-11,SELL,LOC,quarter_loc_sell,254.9,5306,14530.9,251.6644,4120967.2,511672.04
2022-01-12,SELL,LOC,quarter_loc_sell,270.0,3979,70862.55,251.6644,5193202.26,513443.6
2022-01-13,BUY,LOC,star_loc_buy,257.4,997,0.0,252.1064,4936535.97,513443.6
2022-01-14,BUY,LOC,avg_loc_buy,246.3,1042,0.0,251.6736,4679852.87,513443.6
2022-01-14,BUY,LOC,star_loc_buy,246.3,1042,0.0,251.3008,4423169.77,513443.6
2022-01-18,BUY,LOC,avg_loc_buy,224.8,1141,0.0,249.4299,4166634.5,513443.6
2022-01-18,BUY,LOC,star_loc_buy,224.8,1141,0.0,247.8058,3910099.22,513443.6
2022-01-19,BUY,LOC,avg_loc_buy,231.3,1109,0.0,246.8116,3653549.05,513443.6
2022-01-19,BUY,LOC,star_loc_buy,231.3,1109,0.0,245.9304,3396998.87,513443.6
2022-01-20,BUY,LOC,avg_loc_buy,227.9,1126,0.0,244.9471,3140344.98,513443.6
2022-01-20,BUY,LOC,star_loc_buy,227.9,1126,0.0,244.0655,2883691.09,513443.6
2022-01-21,BUY,LOC,star_loc_buy,220.3,2330,0.0,241.7681,2370315.09,513443.6
2022-01-24,BUY,LOC,star_loc_buy,207.6,2472,0.0,238.5898,1857050.91,513443.6
2022-01-25,BUY,LOC,star_loc_buy,198.1,2591,0.0,234.9928,1343696.82,513443.6
2022-01-26,BUY,LOC,star_loc_buy,190.8,2690,0.0,231.2611,830367.83,513443.6
2022-01-27,BUY,LOC,star_loc_buy,176.0,2916,0.0,226.6268,317074.85,513443.6
2022-01-28,BUY,LOC,star_loc_buy,185.6,1708,0.0,224.706,22.5,513443.6
2022-02-02,SELL,LOC,quarter_loc_sell,208.5,9120,-151506.32,224.706,1897834.54,513443.6
2022-02-03,BUY,LOC,star_loc_buy,195.5,2625,0.0,222.1492,1384570.06,513443.6
2022-02-04,BUY,LOC,star_loc_buy,201.9,2542,0.0,220.5667,871263.27,513443.6
2022-02-07,BUY,LOC,star_loc_buy,203.6,2521,0.0,219.3463,357910.68,513443.6
2022-02-08,SELL,LOC,quarter_loc_sell,205.3,8762,-126581.13,219.3463,2153241.55,513443.6
2022-02-09,SELL,LOC,quarter_loc_sell,216.1,6571,-24100.21,219.3463,3570465.66,513443.6
2022-02-10,BUY,LOC,avg_loc_buy,209.3,1226,0.0,218.7581,3313825.37,513443.6
2022-02-10,BUY,LOC,star_loc_buy,209.3,1226,0.0,218.235,3057185.08,513443.6
2022-02-11,BUY,LOC,avg_loc_buy,203.6,1260,0.0,217.4479,2800610.6,513443.6
2022-02-11,BUY,LOC,star_loc_buy,203.6,1260,0.0,216.7411,2544036.12,513443.6
2022-02-14,BUY,LOC,star_loc_buy,197.3,2601,0.0,214.888,2030781.84,513443.6
2022-02-15,BUY,LOC,star_loc_buy,201.8,2543,0.0,213.7723,1517527.47,513443.6
2022-02-16,SELL,LOC,quarter_loc_sell,208.9,7457,-39370.51,213.7723,3072257.12,513443.6
2022-02-17,BUY,LOC,avg_loc_buy,204.7,1253,0.0,213.2912,2815729.55,513443.6
2022-02-17,BUY,LOC,star_loc_buy,204.7,1253,0.0,212.8585,2559201.97,513443.6
2022-02-18,BUY,LOC,star_loc_buy,202.8,2531,0.0,211.9298,2045838.18,513443.6
2022-02-22,BUY,LOC,star_loc_buy,200.9,2555,0.0,210.9893,1532461.69,513443.6
2022-02-23,BUY,LOC,star_loc_buy,193.4,2654,0.0,209.5582,1019101.09,513443.6
2022-02-24,BUY,LOC,star_loc_buy,184.4,2783,0.0,207.5806,505838.92,513443.6
2022-02-25,SELL,LOC,quarter_loc_sell,199.4,8850,-75839.23,207.5806,2267087.77,513443.6
2022-02-28,BUY,LOC,star_loc_buy,198.1,2591,0.0,206.7377,1753733.68,513443.6
2022-03-01,BUY,LOC,star_loc_buy,190.1,2700,0.0,205.327,1240386.69,513443.6
2022-03-02,BUY,LOC,star_loc_buy,190.2,2699,0.0,204.1451,726959.89,513443.6
2022-03-03,SELL,LOC,quarter_loc_sell,193.9,8635,-91731.3,204.1451,2398021.45,513443.6
2022-03-04,BUY,LOC,star_loc_buy,178.5,2876,0.0,201.5827,1884578.44,513443.6
2022-03-07,BUY,LOC,star_loc_buy,155.0,3312,0.0,196.7758,1371141.44,513443.6
2022-03-08,BUY,LOC,star_loc_buy,158.8,3232,0.0,193.3016,857822.85,513443.6
2022-03-09,BUY,LOC,star_loc_buy,178.0,2884,0.0,192.1467,344393.85,513443.6
2022-03-10,BUY,LOC,star_loc_buy,162.5,2119,0.0,190.5891,4.7,513443.6
2022-03-16,SELL,LOC,quarter_loc_sell,178.0,10082,-130422.56,190.5891,1791101.24,513443.6
2022-03-17,BUY,LOC,star_loc_buy,183.0,2805,0.0,189.9451,1277709.24,513443.6
2022-03-18,SELL,LOC,quarter_loc_sell,185.7,8263,-38069.1,189.9451,2809156.18,513443.6
2022-03-21,BUY,LOC,avg_loc_buy,175.0,1466,0.0,189.1106,2552567.7,513443.6
2022-03-21,BUY,LOC,star_loc_buy,175.0,1466,0.0,188.3645,2295979.22,513443.6
2022-03-22,BUY,LOC,star_loc_buy,183.0,2805,0.0,187.8716,1782587.22,513443.6
2022-03-23,BUY,LOC,star_loc_buy,178.1,2882,0.0,187.0287,1269226.03,513443.6
2022-03-24,BUY,LOC,star_loc_buy,180.8,2839,0.0,186.5408,755857.84,513443.6
2022-03-25,BUY,LOC,star_loc_buy,175.2,2930,0.0,185.6927,242444.84,513443.6
2022-03-28,SELL,LOC,quarter_loc_sell,179.5,9794,-64079.48,185.6927,1997039.69,513443.6
2022-03-29,SELL,LOC,quarter_loc_sell,192.1,7346,44316.23,185.6927,3405454.52,514551.51
2022-03-30,BUY,LOC,avg_loc_buy,184.6,1393,0.0,185.6277,3148268.14,514551.51
2022-03-30,BUY,LOC,star_loc_buy,184.6,1393,0.0,185.5701,2891081.77,514551.51
2022-03-31,BUY,LOC,avg_loc_buy,182.3,1411,0.0,185.3942,2633817.89,514551.51
2022-03-31,BUY,LOC,star_loc_buy,182.3,1411,0.0,185.2363,2376554.0,514551.51
2022-04-01,BUY,LOC,avg_loc_buy,180.9,1421,0.0,185.0243,2119456.55,514551.51
2022-04-01,BUY,LOC,star_loc_buy,180.9,1421,0.0,184.8321,1862359.09,514551.51
2022-04-04,SELL,LOC,quarter_loc_sell,187.8,7622,19830.19,184.8321,3290979.43,515047.26
2022-04-05,BUY,LOC,avg_loc_buy,179.3,1436,0.0,184.5052,3033466.01,515047.26
2022-04-05,BUY,LOC,star_loc_buy,179.3,1436,0.0,184.2148,2775952.59,515047.26
2022-04-06,BUY,LOC,avg_loc_buy,172.8,1490,0.0,183.5902,2518441.97,515047.26
2022-04-06,BUY,LOC,star_loc_buy,172.8,1490,0.0,183.0304,2260931.35,515047.26
2022-04-07,BUY,LOC,star_loc_buy,169.2,3043,0.0,181.7053,1745978.52,515047.26
2022-04-08,BUY,LOC,star_loc_buy,164.7,3126,0.0,180.1816,1231049.09,515047.26
2022-04-11,BUY,LOC,star_loc_buy,160.6,3206,0.0,178.5336,716088.26,515047.26
2022-04-12,BUY,LOC,star_loc_buy,161.5,3188,0.0,177.2182,201149.03,515047.26
2022-04-13,SELL,LOC,quarter_loc_sell,173.6,10320,-40833.5,177.2182,1989207.5,515047.26
2022-04-14,BUY,LOC,star_loc_buy,163.1,3157,0.0,175.9119,1474223.57,515047.26
2022-04-18,BUY,LOC,star_loc_buy,163.1,3157,0.0,174.8268,959239.63,515047.26
2022-04-19,BUY,LOC,star_loc_buy,165.5,3111,0.0,174.1084,444291.9,515047.26
2022-04-20,SELL,LOC,quarter_loc_sell,168.3,10096,-61954.54,174.1084,2140135.34,515047.26
2022-04-21,BUY,LOC,star_loc_buy,159.7,3224,0.0,172.7223,1625185.31,515047.26
2022-04-22,BUY,LOC,star_loc_buy,153.5,3354,0.0,170.9737,1110269.09,515047.26
2022-04-25,BUY,LOC,star_loc_buy,150.5,3421,0.0,169.2353,595331.36,515047.26
2022-04-26,BUY,LOC,star_loc_buy,138.0,3731,0.0,166.5879,80376.13,515047.26
2022-04-27,BUY,LOC,star_loc_buy,138.2,581,0.0,166.2181,69.88,515047.26
2022-05-04,SELL,LOC,quarter_loc_sell,157.7,11150,-98405.87,166.2181,1754996.09,515047.26
2022-05-05,BUY,LOC,star_loc_buy,141.8,3631,0.0,163.8272,1240043.06,515047.26
2022-05-06,BUY,LOC,star_loc_buy,143.2,3596,0.0,162.0038,725018.62,515047.26
2022-05-09,BUY,LOC,star_loc_buy,129.7,3970,0.0,159.1315,210032.38,515047.26
2022-05-10,BUY,LOC,star_loc_buy,130.7,1606,0.0,158.1443,96.69,515047.26
2022-05-27,SELL,LOC,quarter_loc_sell,149.5,11563,-103325.02,158.1443,1725394.29,515047.26
2022-05-31,BUY,LOC,star_loc_buy,153.3,3359,0.0,157.7167,1210382.35,515047.26
2022-06-01,BUY,LOC,star_loc_buy,149.8,3437,0.0,157.0608,695442.52,515047.26
2022-06-02,SELL,LOC,quarter_loc_sell,155.9,10372,-15193.23,157.0608,2309284.18,515047.26
2022-06-03,BUY,LOC,avg_loc_buy,145.5,1769,0.0,156.4389,2051856.07,515047.26
2022-06-03,BUY,LOC,star_loc_buy,145.5,1769,0.0,155.8805,1794427.96,515047.26
2022-06-06,BUY,LOC,star_loc_buy,144.3,3568,0.0,154.7995,1279488.34,515047.26
2022-06-07,BUY,LOC,star_loc_buy,141.6,3636,0.0,153.6529,764553.51,515047.26
2022-06-08,BUY,LOC,star_loc_buy,139.0,3704,0.0,152.4617,249620.28,515047.26
2022-06-09,BUY,LOC,star_loc_buy,131.1,1903,0.0,151.6052,99.56,515047.26
2022-06-16,BUY,LOC,star_loc_buy,99.0,1,0.0,151.6041,0.54,515047.26
2025-10-20,SELL,LOC,quarter_loc_sell,148.39,11866,-41572.5,151.6041,1757362.73,515047.26
2025-10-21,BUY,LOC,star_loc_buy,139.45,3692,0.0,150.4621,1242436.1,515047.26
2025-10-22,BUY,LOC,star_loc_buy,143.29,3593,0.0,149.8612,727517.91,515047.26
2025-10-23,SELL,LOC,quarter_loc_sell,146.05,10721,-43913.21,149.8612,2290266.64,515047.26
2025-10-24,SELL,LOC,quarter_loc_sell,155.68,8041,44347.9,149.8612,3539648.47,516155.96
2025-10-27,SELL,LOC,quarter_loc_sell,167.22,6030,102707.29,149.8612,4546018.81,518723.64
2025-10-28,SELL,LOC,quarter_loc_sell,167.91,4523,80153.77,149.8612,5303994.8,520727.49
2025-10-29,SELL,LOC,quarter_loc_sell,180.91,3392,104120.91,149.8612,5916444.91,523330.51
2025-10-29,SELL,LIMIT,target_sell,172.34,10178,225368.75,0.0,7667100.98,528964.73
2025-10-30,BUY,LOC,avg_loc_buy,171.94,1537,0.0,171.94,7402789.56,528964.73
2025-10-30,BUY,LOC,star_loc_buy,171.94,1537,0.0,171.94,7138478.14,528964.73
2025-10-31,BUY,LOC,star_loc_buy,180.85,1462,0.0,174.8118,6874035.78,528964.73
2025-11-03,SELL,LOC,quarter_loc_sell,201.82,1134,30181.03,174.8118,7102453.37,529719.25
2025-11-03,SELL,LIMIT,target_sell,201.03,3402,87860.75,0.0,7785023.82,531915.77
2025-11-04,BUY,LOC,avg_loc_buy,171.92,1546,0.0,171.92,7519195.63,531915.77
2025-11-04,BUY,LOC,star_loc_buy,171.92,1546,0.0,171.92,7253367.44,531915.77
2025-11-05,BUY,LOC,star_loc_buy,176.17,1509,0.0,173.3139,6987487.04,531915.77
2025-11-06,BUY,LOC,avg_loc_buy,159.39,1668,0.0,169.6091,6721584.64,531915.77
2025-11-06,BUY,LOC,star_loc_buy,159.39,1668,0.0,167.4615,6455682.24,531915.77
2025-11-07,BUY,LOC,avg_loc_buy,150.27,1769,0.0,164.3282,6189814.73,531915.77
2025-11-07,BUY,LOC,star_loc_buy,150.27,1769,0.0,162.161,5923947.23,531915.77
2025-11-10,BUY,LOC,star_loc_buy,169.11,1572,0.0,162.9983,5658066.43,531915.77
2025-11-11,BUY,LOC,star_loc_buy,167.02,1592,0.0,163.4356,5392130.71,531915.77
2025-11-12,BUY,LOC,star_loc_buy,170.47,1559,0.0,164.1127,5126328.12,531915.77
2025-11-13,BUY,LOC,avg_loc_buy,160.35,1658,0.0,163.7633,4860427.94,531915.77
2025-11-13,BUY,LOC,star_loc_buy,160.35,1658,0.0,163.4733,4594527.76,531915.77
2025-11-14,BUY,LOC,avg_loc_buy,160.99,1651,0.0,163.2796,4328693.4,531915.77
2025-11-14,BUY,LOC,star_loc_buy,160.99,1651,0.0,163.1139,4062859.04,531915.77
2025-11-17,BUY,LOC,avg_loc_buy,155.0,1715,0.0,162.5466,3796994.17,531915.77
2025-11-17,BUY,LOC,star_loc_buy,155.0,1715,0.0,162.0535,3531129.29,531915.77
2025-11-18,BUY,LOC,avg_loc_buy,147.66,1800,0.0,161.1297,3265301.42,531915.77
2025-11-18,BUY,LOC,star_loc_buy,147.66,1800,0.0,160.3174,2999473.56,531915.77
2025-11-19,BUY,LOC,avg_loc_buy,142.88,1861,0.0,159.2939,2733533.99,531915.77
2025-11-19,BUY,LOC,star_loc_buy,142.88,1861,0.0,158.3839,2467594.43,531915.77
2025-11-20,BUY,LOC,star_loc_buy,133.11,3995,0.0,155.6959,1935740.21,531915.77
2025-11-21,BUY,LOC,star_loc_buy,136.14,3906,0.0,153.8539,1403897.6,531915.77
2025-11-24,BUY,LOC,star_loc_buy,141.12,3768,0.0,152.7933,872077.68,531915.77
2025-11-25,BUY,LOC,star_loc_buy,138.4,3842,0.0,151.6665,340265.12,531915.77
2025-11-26,SELL,LOC,quarter_loc_sell,146.61,12269,-65546.28,151.6665,2135515.64,531915.77
2025-11-28,BUY,LOC,star_loc_buy,143.33,3710,0.0,150.9032,1603681.57,531915.77
2025-12-01,BUY,LOC,star_loc_buy,142.03,3744,0.0,150.1527,1071841.49,531915.77
2025-12-02,SELL,LOC,quarter_loc_sell,148.62,11066,-20168.1,150.1527,2713263.38,531915.77
2025-12-03,SELL,LOC,quarter_loc_sell,153.12,8299,22147.51,150.1527,3981528.31,532469.46
2025-12-04,BUY,LOC,avg_loc_buy,147.74,1801,0.0,149.99,3715408.66,532469.46
2025-12-04,BUY,LOC,star_loc_buy,147.74,1801,0.0,149.8478,3449289.01,532469.46
2025-12-05,SELL,LOC,quarter_loc_sell,158.98,7125,62858.12,149.8478,4579812.68,534040.91
2025-12-08,SELL,LOC,quarter_loc_sell,162.85,5344,67786.75,149.8478,5448386.05,535735.58
2025-12-09,SELL,LOC,quarter_loc_sell,165.28,4008,60560.51,149.8478,6109536.53,537249.59
2025-12-10,SELL,LOC,quarter_loc_sell,171.26,3006,63361.21,149.8478,6623340.22,538833.63
2025-12-11,BUY,LOC,star_loc_buy,162.28,1659,0.0,151.7795,6354077.31,538833.63
2025-12-12,BUY,LOC,avg_loc_buy,150.35,1791,0.0,151.5742,6084760.07,538833.63
2025-12-12,BUY,LOC,star_loc_buy,150.35,1791,0.0,151.4204,5815442.83,538833.63
2025-12-15,BUY,LOC,avg_loc_buy,150.35,1791,0.0,151.301,5546125.59,538833.63
2025-12-15,BUY,LOC,star_loc_buy,150.35,1791,0.0,151.2055,5276808.35,538833.63
2025-12-16,BUY,LOC,avg_loc_buy,144.3,1866,0.0,150.5516,5007504.16,538833.63
2025-12-16,BUY,LOC,star_loc_buy,144.3,1866,0.0,150.0109,4738199.97,538833.63
2025-12-17,BUY,LOC,avg_loc_buy,139.91,1925,0.0,149.1834,4468832.82,538833.63
2025-12-17,BUY,LOC,star_loc_buy,139.91,1925,0.0,148.4812,4199465.67,538833.63
2025-12-18,BUY,LOC,avg_loc_buy,146.76,1835,0.0,148.3654,3930120.67,538833.63
2025-12-18,BUY,LOC,star_loc_buy,146.76,1835,0.0,148.2641,3660775.68,538833.63
2025-12-19,SELL,LOC,quarter_loc_sell,152.81,7273,30895.08,148.2641,4769995.6,539606.0
2025-12-22,BUY,LOC,star_loc_buy,155.16,1738,0.0,148.7729,4500287.07,539606.0
2025-12-23,SELL,LOC,quarter_loc_sell,158.62,5889,56168.33,148.7729,5432578.73,541010.21
2025-12-24,SELL,LOC,quarter_loc_sell,167.93,4417,83170.71,148.7729,6172879.14,543089.48
2025-12-26,SELL,LOC,quarter_loc_sell,174.48,3313,84040.57,148.7729,6749804.17,545190.49
2025-12-26,SELL,LIMIT,target_sell,171.09,9939,218494.22,0.0,8446951.78,550652.85
2025-12-29,BUY,LOC,avg_loc_buy,190.17,1447,0.0,190.17,8171734.51,550652.85
2025-12-29,BUY,LOC,star_loc_buy,190.17,1447,0.0,190.17,7896517.25,550652.85
2025-12-30,BUY,LOC,avg_loc_buy,189.33,1453,0.0,189.8892,7621379.49,550652.85
2025-12-30,BUY,LOC,star_loc_buy,189.33,1453,0.0,189.7491,7346241.74,550652.85
2025-12-31,BUY,LOC,avg_loc_buy,181.61,1515,0.0,188.0634,7071061.32,550652.85
2025-12-31,BUY,LOC,star_loc_buy,181.61,1515,0.0,186.9562,6795880.9,550652.85
2026-01-02,SELL,LOC,quarter_loc_sell,208.56,2207,46782.01,186.9562,7255275.25,551822.4
2026-01-05,SELL,LOC,quarter_loc_sell,224.9,1655,62071.18,186.9562,7626758.94,553374.18
2026-01-05,SELL,LIMIT,target_sell,215.0,4968,137238.76,0.0,8692796.11,556805.15
2026-01-06,BUY,LOC,avg_loc_buy,243.3,1144,0.0,243.3,8414419.16,556805.15
2026-01-06,BUY,LOC,star_loc_buy,243.3,1144,0.0,243.3,8136042.21,556805.15
2026-01-07,BUY,LOC,avg_loc_buy,238.98,1164,0.0,241.8433,7857827.76,556805.15
2026-01-07,BUY,LOC,star_loc_buy,238.98,1164,0.0,241.1213,7579613.31,556805.15
2026-01-08,BUY,LOC,avg_loc_buy,236.37,1177,0.0,240.1559,7301364.09,556805.15
2026-01-08,BUY,LOC,star_loc_buy,236.37,1177,0.0,239.5166,7023114.87,556805.15
2026-01-09,BUY,LOC,star_loc_buy,250.56,1110,0.0,241.0337,6744951.55,556805.15
2026-01-12,BUY,LOC,star_loc_buy,251.73,1105,0.0,242.3205,6466748.18,556805.15
2026-01-13,BUY,LOC,avg_loc_buy,241.41,1153,0.0,242.219,6188360.7,556805.15
2026-01-13,BUY,LOC,star_loc_buy,241.41,1153,0.0,242.1378,5909973.21,556805.15
2026-01-14,BUY,LOC,star_loc_buy,255.24,1090,0.0,243.273,5631719.88,556805.15
2026-01-15,SELL,LOC,quarter_loc_sell,265.45,3145,68118.85,243.273,6464932.19,558508.12
2026-01-16,SELL,LOC,quarter_loc_sell,273.82,2359,70800.88,243.273,7109613.99,560278.14
2026-01-20,BUY,LOC,star_loc_buy,264.26,1059,0.0,246.0047,6829720.67,560278.14
2026-01-21,SELL,LOC,quarter_loc_sell,297.47,2034,103500.6,246.0047,7433594.8,562865.65
2026-01-21,SELL,LIMIT,target_sell,282.91,6102,221829.94,0.0,9156545.3,568411.4
2026-01-22,BUY,LOC,avg_loc_buy,300.57,945,0.0,300.57,8872464.04,568411.4
2026-01-22,BUY,LOC,star_loc_buy,300.57,945,0.0,300.57,8588382.79,568411.4
2026-01-23,BUY,LOC,star_loc_buy,315.41,900,0.0,305.3571,8304471.21,568411.4
2026-01-26,BUY,LOC,star_loc_buy,310.99,913,0.0,306.7459,8020494.75,568411.4
2026-01-27,SELL,LOC,quarter_loc_sell,352.49,925,41677.46,306.7459,8345912.19,569453.34
2026-01-27,SELL,LIMIT,target_sell,352.76,2778,125916.16,0.0,9323968.54,572601.24
2026-01-28,BUY,LOC,avg_loc_buy,378.0,757,0.0,378.0,9037779.61,572601.24
2026-01-28,BUY,LOC,star_loc_buy,378.0,757,0.0,378.0,8751590.69,572601.24
2026-01-29,BUY,LOC,avg_loc_buy,367.74,778,0.0,374.5173,8465446.06,572601.24
2026-01-29,BUY,LOC,star_loc_buy,367.74,778,0.0,372.7998,8179301.42,572601.24
2026-01-30,BUY,LOC,avg_loc_buy,347.9,822,0.0,367.5409,7893284.73,572601.24
2026-01-30,BUY,LOC,star_loc_buy,347.9,822,0.0,364.116,7607268.03,572601.24
2026-02-02,BUY,LOC,avg_loc_buy,336.91,849,0.0,359.964,7321188.53,572601.24
2026-02-02,BUY,LOC,star_loc_buy,336.91,849,0.0,356.9115,7035109.04,572601.24
2026-02-03,BUY,LOC,star_loc_buy,363.05,788,0.0,357.5833,6748982.73,572601.24
2026-02-04,BUY,LOC,avg_loc_buy,329.66,868,0.0,354.5791,6462794.92,572601.24
2026-02-04,BUY,LOC,star_loc_buy,329.66,868,0.0,352.1586,6176607.12,572601.24
2026-02-05,BUY,LOC,avg_loc_buy,327.78,873,0.0,349.9889,5890412.26,572601.24
2026-02-05,BUY,LOC,star_loc_buy,327.78,873,0.0,348.1739,5604217.4,572601.24
2026-02-06,BUY,LOC,star_loc_buy,363.24,788,0.0,349.2089,5317941.34,572601.24
2026-02-09,SELL,LOC,quarter_loc_sell,375.55,2867,73420.29,349.2089,6392543.62,574436.75
2026-02-10,BUY,LOC,star_loc_buy,362.12,793,0.0,350.2986,6105339.39,574436.75
2026-02-11,SELL,LOC,quarter_loc_sell,413.42,2349,146378.5,350.2986,7074569.28,578096.21
2026-02-11,SELL,LIMIT,target_sell,402.84,7047,364723.63,0.0,9907847.07,587214.3
2026-02-12,BUY,LOC,avg_loc_buy,417.68,702,0.0,417.68,9614591.73,587214.3
2026-02-12,BUY,LOC,star_loc_buy,417.68,702,0.0,417.68,9321336.39,587214.3
2026-02-13,BUY,LOC,star_loc_buy,447.49,656,0.0,427.1729,9027738.92,587214.3
2026-02-17,BUY,LOC,avg_loc_buy,417.18,703,0.0,424.6304,8734417.38,587214.3
2026-02-17,BUY,LOC,star_loc_buy,417.18,703,0.0,423.1192,8441095.85,587214.3
2026-02-18,BUY,LOC,star_loc_buy,435.8,673,0.0,425.1811,8147758.46,587214.3
2026-02-19,BUY,LOC,star_loc_buy,457.6,641,0.0,429.5285,7854392.86,587214.3
2026-02-20,SELL,LOC,quarter_loc_sell,524.54,1195,112316.43,429.5285,8479995.85,590022.21
2026-02-20,SELL,LIMIT,target_sell,493.96,3585,227533.77,0.0,10247389.3,595710.56
2026-02-23,BUY,LOC,avg_loc_buy,498.22,597,0.0,498.22,9949907.34,595710.56
2026-02-23,BUY,LOC,star_loc_buy,498.22,597,0.0,498.22,9652425.39,595710.56
2026-02-24,BUY,LOC,star_loc_buy,552.81,538,0.0,515.1769,9354969.0,595710.56
2026-02-25,SELL,LOC,quarter_loc_sell,602.99,433,37513.92,515.1769,9615554.53,596648.41
2026-02-25,SELL,LIMIT,target_sell,592.45,1299,98877.0,0.0,10383646.38,599120.33
2026-02-26,BUY,LOC,avg_loc_buy,619.7,483,0.0,619.7,10084286.38,599120.33
2026-02-26,BUY,LOC,star_loc_buy,619.7,483,0.0,619.7,9784926.38,599120.33
2026-02-27,BUY,LOC,star_loc_buy,630.0,475,0.0,623.0952,9485631.49,599120.33
2026-03-02,BUY,LOC,avg_loc_buy,584.99,512,0.0,613.1055,9186071.69,599120.33
2026-03-02,BUY,LOC,star_loc_buy,584.99,512,0.0,607.2657,8886511.88,599120.33
2026-03-03,BUY,LOC,avg_loc_buy,403.06,743,0.0,559.9699,8586993.38,599120.33
2026-03-03,BUY,LOC,star_loc_buy,403.06,743,0.0,530.4624,8287474.88,599120.33
2026-03-04,BUY,LOC,avg_loc_buy,420.73,711,0.0,513.7272,7988290.98,599120.33
2026-03-04,BUY,LOC,star_loc_buy,420.73,711,0.0,501.421,7689107.08,599120.33
2026-03-05,BUY,LOC,avg_loc_buy,343.05,873,0.0,479.2856,7389579.5,599120.33
2026-03-05,BUY,LOC,star_loc_buy,343.05,873,0.0,462.5791,7090051.93,599120.33
2026-03-06,BUY,LOC,avg_loc_buy,348.36,859,0.0,450.281,6790765.81,599120.33
2026-03-06,BUY,LOC,star_loc_buy,348.36,859,0.0,440.3738,6491479.68,599120.33
2026-03-09,BUY,LOC,avg_loc_buy,403.01,743,0.0,437.4759,6191998.33,599120.33
2026-03-09,BUY,LOC,star_loc_buy,403.01,743,0.0,434.9952,5892516.99,599120.33
2026-03-10,BUY,LOC,avg_loc_buy,373.72,801,0.0,430.583,5593122.37,599120.33
2026-03-10,BUY,LOC,star_loc_buy,373.72,801,0.0,426.7635,5293727.74,599120.33
2026-03-11,BUY,LOC,avg_loc_buy,394.04,760,0.0,424.803,4994212.42,599120.33
2026-03-11,BUY,LOC,star_loc_buy,394.04,760,0.0,423.064,4694697.1,599120.33
2026-03-12,BUY,LOC,avg_loc_buy,314.39,952,0.0,415.878,4395352.93,599120.33
2026-03-12,BUY,LOC,star_loc_buy,314.39,952,0.0,409.5833,4096008.75,599120.33
2026-03-13,BUY,LOC,star_loc_buy,316.32,1893,0.0,399.3439,3497125.17,599120.33
2026-03-16,BUY,LOC,star_loc_buy,382.76,1565,0.0,397.9639,2898015.92,599120.33
2026-03-17,SELL,LOC,quarter_loc_sell,395.65,4701,-14504.73,397.9639,4754339.67,599120.33
2026-03-18,BUY,LOC,avg_loc_buy,375.87,796,0.0,396.7838,4455102.27,599120.33
2026-03-18,BUY,LOC,star_loc_buy,375.87,796,0.0,395.7233,4155864.87,599120.33
2026-03-19,SELL,LOC,quarter_loc_sell,397.75,3924,4909.27,395.7233,5713592.37,599243.06
2026-03-20,BUY,LOC,avg_loc_buy,320.98,933,0.0,390.2353,5414073.1,599243.06
2026-03-20,BUY,LOC,star_loc_buy,320.98,933,0.0,385.4982,5114553.84,599243.06
2026-03-23,BUY,LOC,avg_loc_buy,377.71,793,0.0,385.0702,4814984.88,599243.06
2026-03-23,BUY,LOC,star_loc_buy,377.71,793,0.0,384.6869,4515415.93,599243.06
2026-03-24,BUY,LOC,avg_loc_buy,335.64,892,0.0,381.9726,4215980.14,599243.06
2026-03-24,BUY,LOC,star_loc_buy,335.64,892,0.0,379.5429,3916544.35,599243.06
2026-03-25,BUY,LOC,star_loc_buy,327.6,1828,0.0,374.5025,3317601.72,599243.06
2026-03-26,BUY,LOC,star_loc_buy,269.93,2219,0.0,363.4826,2718537.2,599243.06
2026-03-27,BUY,LOC,star_loc_buy,274.03,2186,0.0,355.0696,2119417.77,599243.06
2026-03-30,BUY,LOC,star_loc_buy,243.16,2464,0.0,344.3431,1520181.66,599243.06
2026-03-31,BUY,LOC,star_loc_buy,284.12,2108,0.0,339.779,921166.86,599243.06
2026-04-01,BUY,LOC,star_loc_buy,305.96,1958,0.0,337.5549,322007.32,599243.06
2026-04-02,BUY,LOC,star_loc_buy,282.21,1140,0.0,335.5139,239.66,599243.06
2026-04-06,SELL,LOC,quarter_loc_sell,302.06,7728,-263083.85,335.5139,2330007.42,599243.06
2026-04-07,BUY,LOC,star_loc_buy,311.09,1925,0.0,333.6415,1731069.34,599243.06
2026-04-08,SELL,LOC,quarter_loc_sell,405.01,6277,443022.56,333.6415,4268359.73,610318.63
2026-04-08,SELL,LIMIT,target_sell,383.69,18833,928472.24,0.0,11480302.73,633530.43
2026-04-09,BUY,LOC,avg_loc_buy,399.48,792,0.0,399.48,11163867.11,633530.43
2026-04-09,BUY,LOC,star_loc_buy,399.48,792,0.0,399.48,10847431.5,633530.43
2026-04-10,BUY,LOC,avg_loc_buy,393.97,803,0.0,397.6264,10531026.13,633530.43
2026-04-10,BUY,LOC,star_loc_buy,393.97,803,0.0,396.706,10214620.77,633530.43
2026-04-13,BUY,LOC,star_loc_buy,414.02,764,0.0,400.0514,9898262.04,633530.43
2026-04-14,SELL,LOC,quarter_loc_sell,463.68,988,61971.68,400.0514,10355484.56,635079.73
2026-04-14,SELL,LIMIT,target_sell,460.06,2966,175324.52,0.0,11717361.67,639462.84
2026-04-15,BUY,LOC,avg_loc_buy,445.88,716,0.0,445.88,11398063.7,639462.84
2026-04-15,BUY,LOC,star_loc_buy,445.88,716,0.0,445.88,11078765.73,639462.84
2026-04-16,BUY,LOC,star_loc_buy,469.0,681,0.0,453.3314,10759328.82,639462.84
2026-04-17,SELL,LOC,quarter_loc_sell,515.85,528,32478.72,453.3314,11031166.5,640274.81
2026-04-17,SELL,LIMIT,target_sell,521.33,1585,106166.55,0.0,11855863.25,642928.97
2026-04-20,BUY,LOC,avg_loc_buy,493.95,650,0.0,493.95,11534747.59,642928.97
2026-04-20,BUY,LOC,star_loc_buy,493.95,650,0.0,493.95,11213631.93,642928.97
2026-04-21,BUY,LOC,avg_loc_buy,461.74,696,0.0,482.7185,10892212.69,642928.97
2026-04-21,BUY,LOC,star_loc_buy,461.74,696,0.0,477.2946,10570793.44,642928.97
2026-04-22,SELL,LOC,quarter_loc_sell,542.74,673,43332.49,477.2946,10935345.2,644012.28
2026-04-23,BUY,LOC,star_loc_buy,490.46,656,0.0,480.5232,10613555.18,644012.28
2026-04-24,BUY,LOC,star_loc_buy,526.44,611,0.0,489.061,10291852.09,644012.28
2026-04-27,SELL,LOC,quarter_loc_sell,551.0,821,49969.8,489.061,10743340.96,645261.53
2026-04-27,SELL,LIMIT,target_sell,562.42,2465,178126.55,0.0,12127002.85,649714.69
2026-04-28,BUY,LOC,avg_loc_buy,525.81,617,0.0,525.81,11802529.42,649714.69
2026-04-28,BUY,LOC,star_loc_buy,525.81,617,0.0,525.81,11478055.98,649714.69
2026-04-29,BUY,LOC,avg_loc_buy,521.61,622,0.0,524.4025,11153565.9,649714.69
2026-04-29,BUY,LOC,star_loc_buy,521.61,622,0.0,523.7015,10829075.81,649714.69
2026-04-30,SELL,LOC,quarter_loc_sell,587.76,619,38942.74,523.7015,11192189.8,650688.26
2026-05-01,SELL,LOC,quarter_loc_sell,602.68,464,36100.71,523.7015,11471288.01,651590.78
2026-05-01,SELL,LIMIT,target_sell,602.26,1395,107950.77,0.0,12309802.41,654289.55
2026-05-04,BUY,LOC,avg_loc_buy,621.77,526,0.0,621.77,11982702.34,654289.55
2026-05-04,BUY,LOC,star_loc_buy,621.77,526,0.0,621.77,11655602.26,654289.55
2026-05-05,SELL,LOC,quarter_loc_sell,731.87,263,28580.96,621.77,11847708.73,655004.07
2026-05-05,SELL,LIMIT,target_sell,715.04,789,72489.91,0.0,12410775.16,656816.32
2026-05-06,BUY,LOC,avg_loc_buy,839.0,391,0.0,839.0,12082676.96,656816.32
2026-05-06,BUY,LOC,star_loc_buy,839.0,391,0.0,839.0,11754578.75,656816.32
2026-05-07,BUY,LOC,avg_loc_buy,768.45,427,0.0,814.0828,11426401.38,656816.32
2026-05-07,BUY,LOC,star_loc_buy,768.45,427,0.0,802.1726,11098224.01,656816.32
2026-05-08,SELL,LOC,quarter_loc_sell,942.18,409,56511.61,802.1726,11482824.19,658229.11
2026-05-08,SELL,LIMIT,target_sell,922.5,1227,145434.56,0.0,12612524.48,661864.97
2026-05-11,BUY,LOC,avg_loc_buy,965.71,342,0.0,965.71,12282202.11,661864.97
2026-05-11,BUY,LOC,star_loc_buy,965.71,342,0.0,965.71,11951879.75,661864.97
